Albánia, Tirana
Algéria, Algír
Amerikai Egyesült Államok, Chicago
Amerikai Egyesült Államok, Houston
Amerikai Egyesült Államok, Los Angeles
Amerikai Egyesült Államok, Miami
Amerikai Egyesült Államok, New York
Amerikai Egyesült Államok, San Francisco
Amerikai Egyesült Államok, Washington
Angola, Luanda
Argentína, Buenos Aires
Ausztrália, Canberra
Ausztrália, Melbourne
Ausztrália, Sydney
Ausztria, Bécs
Ausztria, Innsbruck
Azerbajdzsán, Baku
Banglades, Dakka
Belarusz Köztársaság, Minszk
Belgium, Brüsszel
Bosznia-Hercegovina, Szarajevó
Brazília, Brazíliaváros
Brazília, Sao Paulo
Bulgária, Szófia
Chile, Santiago de Chile
Ciprus, Nicosia
Csehország, Prága
Dánia, Koppenhága
Dél-afrikai Köztársaság, Pretoria
Ecuador, Quito
Egyesült Arab Emírségek, Abu Dhabi
Egyiptom, Kairó
Észak-Macedónia, Szkopje
Észtország, Tallinn
Etiópia, Addisz-Abeba
Finnország, Helsinki
Franciaország, Lyon
Franciaország, Párizs
Franciaország, Strasbourg
Fülöp-szigetek, Manila
Ghána, Accra
Görögország, Athén
Grúzia, Tbiliszi
Hollandia, Hága
Horvátország, Eszék
Horvátország, Zágráb
India, Mumbai
India, Újdelhi
Indonézia, Jakarta
Irak, Erbil
Irán, Teherán
Írország, Dublin
Izrael, Tel-Aviv
Japán, Tokió
Jordánia, Amman
Kambodzsa, Phnom Penh
Kanada, Montreal
Kanada, Ottawa
Kanada, Toronto
Kanada, Vancouver
Katar, Doha
Kazahsztán, Almati
Kazahsztán, Nur-Szultán
Kenya, Nairobi
Kína, Csungking
Kína, Hongkong
Kína, Kuangcsou
Kína, Peking
Kína, Sanghaj
Kirgizisztán, Biskek
Kolumbia, Bogota
Koreai Köztársaság, Szöul
Koszovó, Pristina
Kuba, Havanna
Kuvait, Kuvait
Laosz, Vientián
Lengyelország, Gdansk
Lengyelország, Krakkó
Lengyelország, Varsó
Lengyelország, Wroclaw
Lettország, Riga
Libanon, Bejrút
Litvánia, Vilnius
Luxemburg, Luxembourg
Malajzia, Kuala Lumpur
Málta, Valletta
Marokkó, Rabat
Mexikó, Mexikóváros
Moldova, Chisinau
Mongólia, Ulánbátor
Montenegró, Podgorica
Nagy-Britannia és Észak-Írország, Edinburgh
Nagy-Britannia és Észak-Írország, London
Nagy-Britannia és Észak-Írország, Manchester
Németország, Berlin
Németország, Düsseldorf
Németország, München
Németország, Nürnberg
Németország, Stuttgart
Nigéria, Abuja
Norvégia, Oslo
Olaszország, Milánó
Olaszország, Róma
Omán, Maszkat
Oroszország, Jekatyerinburg
Oroszország, Kazan
Oroszország, Moszkva
Oroszország, Szentpétervár
Pakisztán, Iszlámábád
Palesztina, Ramallah
Panama, Panamaváros
Peru, Lima
Portugália, Lisszabon
Románia, Bukarest
Románia, Csíkszereda
Románia, Kolozsvár
Spanyolország, Barcelona
Spanyolország, Madrid
Spanyolország, Malaga
Svájc, Bern
Svájc, Genf
Svédország, Stockholm
Szaúd-Arábia, Rijád
Szenegál, Dakar
Szerbia, Belgrád
Szerbia, Szabadka
Szingapúr, Szingapúr
Szlovákia, Besztercebánya
Szlovákia, Kassa
Szlovákia, Pozsony
Szlovénia, Lendva
Szlovénia, Ljubljana
Thaiföld, Bangkok
Törökország, Ankara
Törökország, Isztambul
Tunézia, Tunisz
Uganda, Kampala
Új-Zéland, Wellington
Ukrajna, Beregszász
Ukrajna, Lviv
Ukrajna, Ungvár
Uruguay, Montevideo
Üzbegisztán, Taskent
Vietnám, Hanoi
Vietnám, Ho Si Minh-város
Zambia, Lusaka
